Gmt time,Open,High,Low,Close,Volume
08.07.2020 00:00:00.000,1.12745,1.12825,1.12649,1.12689,4293.1401
08.07.2020 01:00:00.000,1.12689,1.12792,1.12682,1.12716,4795.8501
08.07.2020 02:00:00.000,1.12719,1.12796,1.12709,1.12786,3594.1399
08.07.2020 03:00:00.000,1.12786,1.12804,1.12758,1.12779,2748.77
08.07.2020 04:00:00.000,1.12779,1.12786,1.12736,1.12763,2219.96
08.07.2020 05:00:00.000,1.12764,1.12825,1.12734,1.12758,3203.3301
08.07.2020 06:00:00.000,1.12759,1.12775,1.12623,1.12761,8102.1201
08.07.2020 07:00:00.000,1.12759,1.12942,1.12724,1.12885,11429.6504
08.07.2020 08:00:00.000,1.12886,1.12937,1.12778,1.12786,9413.9805
08.07.2020 09:00:00.000,1.12787,1.12826,1.12659,1.12751,10392.6602
08.07.2020 10:00:00.000,1.12752,1.12835,1.12673,1.12821,7321.1201
08.07.2020 11:00:00.000,1.12822,1.12953,1.12760,1.12889,7821.04
08.07.2020 12:00:00.000,1.12890,1.12918,1.12780,1.12881,9826.6699
08.07.2020 13:00:00.000,1.12882,1.13337,1.12873,1.13295,15877.3203
08.07.2020 14:00:00.000,1.13295,1.13430,1.13251,1.13277,15944.9102
08.07.2020 15:00:00.000,1.13277,1.13298,1.13149,1.13280,11541.3799
08.07.2020 16:00:00.000,1.13280,1.13518,1.13263,1.13359,9099.9004
08.07.2020 17:00:00.000,1.13359,1.13421,1.13300,1.13341,5902.7402
08.07.2020 18:00:00.000,1.13340,1.13380,1.13328,1.13355,5931.7598
08.07.2020 19:00:00.000,1.13355,1.13365,1.13277,1.13322,5985.79
08.07.2020 20:00:00.000,1.13321,1.13338,1.13291,1.13293,2268.6399
08.07.2020 21:00:00.000,1.13292,1.13345,1.13263,1.13322,3977.79
08.07.2020 22:00:00.000,1.13320,1.13336,1.13294,1.13324,1025.6
08.07.2020 23:00:00.000,1.13323,1.13385,1.13317,1.13372,1108
09.07.2020 00:00:00.000,1.13372,1.13467,1.13329,1.13337,3400.8301
09.07.2020 01:00:00.000,1.13336,1.13391,1.13275,1.13380,5028.1899
09.07.2020 02:00:00.000,1.13380,1.13473,1.13355,1.13465,4809.9502
09.07.2020 03:00:00.000,1.13464,1.13639,1.13434,1.13622,3680.3
09.07.2020 04:00:00.000,1.13621,1.13706,1.13616,1.13649,4430.8501
09.07.2020 05:00:00.000,1.13650,1.13676,1.13584,1.13643,3528.22
09.07.2020 06:00:00.000,1.13644,1.13674,1.13544,1.13555,6419.25
09.07.2020 07:00:00.000,1.13555,1.13617,1.13251,1.13362,13971.9502
09.07.2020 08:00:00.000,1.13363,1.13453,1.13272,1.13292,10256.6504
09.07.2020 09:00:00.000,1.13292,1.13344,1.13199,1.13310,9308.0596
09.07.2020 10:00:00.000,1.13310,1.13322,1.13162,1.13222,8771.5703
09.07.2020 11:00:00.000,1.13224,1.13454,1.13211,1.13425,9045.3096
09.07.2020 12:00:00.000,1.13427,1.13486,1.13334,1.13436,9665.0703
09.07.2020 13:00:00.000,1.13434,1.13483,1.13216,1.13264,15113.9805
09.07.2020 14:00:00.000,1.13262,1.13382,1.12902,1.12953,26948.9199
09.07.2020 15:00:00.000,1.12953,1.13034,1.12853,1.12977,19634.6699
09.07.2020 16:00:00.000,1.12976,1.13041,1.12886,1.12905,12047.21
09.07.2020 17:00:00.000,1.12905,1.12947,1.12878,1.12922,13414.29
09.07.2020 18:00:00.000,1.12921,1.12973,1.12902,1.12969,4903.2002
09.07.2020 19:00:00.000,1.12971,1.12971,1.12842,1.12852,6097.2798
09.07.2020 20:00:00.000,1.12852,1.12866,1.12801,1.12846,2563.27
09.07.2020 21:00:00.000,1.12845,1.12852,1.12814,1.12837,366.385
09.07.2020 22:00:00.000,1.12837,1.12881,1.12837,1.12873,912.315
09.07.2020 23:00:00.000,1.12873,1.12901,1.12846,1.12879,1153.76
10.07.2020 00:00:00.000,1.12881,1.12889,1.12708,1.12752,4468.4399
10.07.2020 01:00:00.000,1.12752,1.12784,1.12709,1.12782,6202.98
10.07.2020 02:00:00.000,1.12782,1.12782,1.12693,1.12725,3561.48
10.07.2020 03:00:00.000,1.12726,1.12748,1.12712,1.12742,2787.71
10.07.2020 04:00:00.000,1.12741,1.12744,1.12679,1.12710,3409.96
10.07.2020 05:00:00.000,1.12710,1.12742,1.12630,1.12692,4559.23
10.07.2020 06:00:00.000,1.12694,1.12727,1.12579,1.12648,11167.4502
10.07.2020 07:00:00.000,1.12648,1.12808,1.12547,1.12789,14964.3799
10.07.2020 08:00:00.000,1.12789,1.12911,1.12779,1.12856,12110.5898
10.07.2020 09:00:00.000,1.12855,1.12947,1.12852,1.12909,12502.1699
10.07.2020 10:00:00.000,1.12909,1.12974,1.12906,1.12937,8098.54
10.07.2020 11:00:00.000,1.12940,1.13005,1.12850,1.12862,7521.3799
10.07.2020 12:00:00.000,1.12864,1.12939,1.12735,1.12931,10451.7695
10.07.2020 13:00:00.000,1.12930,1.13146,1.12930,1.13071,18712.4297
10.07.2020 14:00:00.000,1.13072,1.13247,1.13013,1.13195,18388.7109
10.07.2020 15:00:00.000,1.13195,1.13199,1.13093,1.13167,11328.96
10.07.2020 16:00:00.000,1.13166,1.13170,1.12969,1.12996,9077.6602
10.07.2020 17:00:00.000,1.12996,1.13059,1.12951,1.13056,5787.5498
10.07.2020 18:00:00.000,1.13056,1.13056,1.12981,1.12981,4911.2202
10.07.2020 19:00:00.000,1.12981,1.13027,1.12955,1.13004,5228.7202
10.07.2020 20:00:00.000,1.13003,1.13037,1.12949,1.12990,2893.3601
10.07.2020 21:00:00.000,1.12990,1.12990,1.12990,1.12990,0
10.07.2020 22:00:00.000,1.12990,1.12990,1.12990,1.12990,0
10.07.2020 23:00:00.000,1.12990,1.12990,1.12990,1.12990,0
11.07.2020 00:00:00.000,1.12990,1.12990,1.12990,1.12990,0
11.07.2020 01:00:00.000,1.12990,1.12990,1.12990,1.12990,0
11.07.2020 02:00:00.000,1.12990,1.12990,1.12990,1.12990,0
11.07.2020 03:00:00.000,1.12990,1.12990,1.12990,1.12990,0
11.07.2020 04:00:00.000,1.12990,1.12990,1.12990,1.12990,0
11.07.2020 05:00:00.000,1.12990,1.12990,1.12990,1.12990,0
11.07.2020 06:00:00.000,1.12990,1.12990,1.12990,1.12990,0
11.07.2020 07:00:00.000,1.12990,1.12990,1.12990,1.12990,0
11.07.2020 08:00:00.000,1.12990,1.12990,1.12990,1.12990,0
11.07.2020 09:00:00.000,1.12990,1.12990,1.12990,1.12990,0
11.07.2020 10:00:00.000,1.12990,1.12990,1.12990,1.12990,0
11.07.2020 11:00:00.000,1.12990,1.12990,1.12990,1.12990,0
11.07.2020 12:00:00.000,1.12990,1.12990,1.12990,1.12990,0
11.07.2020 13:00:00.000,1.12990,1.12990,1.12990,1.12990,0
11.07.2020 14:00:00.000,1.12990,1.12990,1.12990,1.12990,0
11.07.2020 15:00:00.000,1.12990,1.12990,1.12990,1.12990,0
11.07.2020 16:00:00.000,1.12990,1.12990,1.12990,1.12990,0
11.07.2020 17:00:00.000,1.12990,1.12990,1.12990,1.12990,0
11.07.2020 18:00:00.000,1.12990,1.12990,1.12990,1.12990,0
11.07.2020 19:00:00.000,1.12990,1.12990,1.12990,1.12990,0
11.07.2020 20:00:00.000,1.12990,1.12990,1.12990,1.12990,0
11.07.2020 21:00:00.000,1.12990,1.12990,1.12990,1.12990,0
11.07.2020 22:00:00.000,1.12990,1.12990,1.12990,1.12990,0
11.07.2020 23:00:00.000,1.12990,1.12990,1.12990,1.12990,0
12.07.2020 00:00:00.000,1.12990,1.12990,1.12990,1.12990,0
12.07.2020 01:00:00.000,1.12990,1.12990,1.12990,1.12990,0
12.07.2020 02:00:00.000,1.12990,1.12990,1.12990,1.12990,0
12.07.2020 03:00:00.000,1.12990,1.12990,1.12990,1.12990,0
12.07.2020 04:00:00.000,1.12990,1.12990,1.12990,1.12990,0
12.07.2020 05:00:00.000,1.12990,1.12990,1.12990,1.12990,0
12.07.2020 06:00:00.000,1.12990,1.12990,1.12990,1.12990,0
12.07.2020 07:00:00.000,1.12990,1.12990,1.12990,1.12990,0
12.07.2020 08:00:00.000,1.12990,1.12990,1.12990,1.12990,0
12.07.2020 09:00:00.000,1.12990,1.12990,1.12990,1.12990,0
12.07.2020 10:00:00.000,1.12990,1.12990,1.12990,1.12990,0
12.07.2020 11:00:00.000,1.12990,1.12990,1.12990,1.12990,0
12.07.2020 12:00:00.000,1.12990,1.12990,1.12990,1.12990,0
12.07.2020 13:00:00.000,1.12990,1.12990,1.12990,1.12990,0
12.07.2020 14:00:00.000,1.12990,1.12990,1.12990,1.12990,0
12.07.2020 15:00:00.000,1.12990,1.12990,1.12990,1.12990,0
12.07.2020 16:00:00.000,1.12990,1.12990,1.12990,1.12990,0
12.07.2020 17:00:00.000,1.12990,1.12990,1.12990,1.12990,0
12.07.2020 18:00:00.000,1.12990,1.12990,1.12990,1.12990,0
12.07.2020 19:00:00.000,1.12990,1.12990,1.12990,1.12990,0
12.07.2020 20:00:00.000,1.12990,1.12990,1.12990,1.12990,0
12.07.2020 21:00:00.000,1.13039,1.13055,1.13026,1.13039,146.44
12.07.2020 22:00:00.000,1.13039,1.13158,1.13039,1.13157,2546.2749
12.07.2020 23:00:00.000,1.13157,1.13173,1.13084,1.13085,3114.9099
13.07.2020 00:00:00.000,1.13086,1.13145,1.13036,1.13142,5139.2202
13.07.2020 01:00:00.000,1.13142,1.13242,1.13139,1.13194,7463.8101
13.07.2020 02:00:00.000,1.13193,1.13266,1.13184,1.13243,4629.8398
13.07.2020 03:00:00.000,1.13244,1.13303,1.13236,1.13266,4084.23
13.07.2020 04:00:00.000,1.13266,1.13277,1.13208,1.13223,3177.28
13.07.2020 05:00:00.000,1.13223,1.13360,1.13213,1.13291,5328.8599
13.07.2020 06:00:00.000,1.13290,1.13345,1.13234,1.13307,8433.9805
13.07.2020 07:00:00.000,1.13306,1.13325,1.13136,1.13183,14590.0098
13.07.2020 08:00:00.000,1.13185,1.13189,1.13008,1.13085,13508.2197
13.07.2020 09:00:00.000,1.13087,1.13203,1.13041,1.13190,44401.7891
13.07.2020 10:00:00.000,1.13190,1.13350,1.13189,1.13296,9649.2998
13.07.2020 11:00:00.000,1.13295,1.13383,1.13260,1.13342,10220.5801
13.07.2020 12:00:00.000,1.13343,1.13382,1.13240,1.13255,11577.3203
13.07.2020 13:00:00.000,1.13256,1.13578,1.13252,1.13531,13156.5898
13.07.2020 14:00:00.000,1.13532,1.13701,1.13521,1.13675,14977.9297
13.07.2020 15:00:00.000,1.13675,1.13709,1.13557,1.13641,14244.3301
13.07.2020 16:00:00.000,1.13641,1.13748,1.13574,1.13674,9077.6797
13.07.2020 17:00:00.000,1.13674,1.13746,1.13650,1.13695,7716
13.07.2020 18:00:00.000,1.13696,1.13703,1.13512,1.13526,12868.1104
13.07.2020 19:00:00.000,1.13526,1.13572,1.13428,1.13497,17451.1895
13.07.2020 20:00:00.000,1.13498,1.13498,1.13414,1.13435,3236.1499
13.07.2020 21:00:00.000,1.13431,1.13486,1.13417,1.13445,8400.25
13.07.2020 22:00:00.000,1.13447,1.13501,1.13442,1.13447,2392.5249
13.07.2020 23:00:00.000,1.13448,1.13502,1.13443,1.13447,2437.47
14.07.2020 00:00:00.000,1.13447,1.13482,1.13399,1.13449,4709.4102
14.07.2020 01:00:00.000,1.13450,1.13485,1.13373,1.13434,8009.1001
14.07.2020 02:00:00.000,1.13431,1.13464,1.13352,1.13387,5383.6099
14.07.2020 03:00:00.000,1.13387,1.13424,1.13384,1.13420,5222.7002
14.07.2020 04:00:00.000,1.13420,1.13453,1.13402,1.13448,3042.1499
14.07.2020 05:00:00.000,1.13448,1.13464,1.13377,1.13382,3669.04
14.07.2020 06:00:00.000,1.13382,1.13488,1.13369,1.13428,8319.6699
14.07.2020 07:00:00.000,1.13431,1.13442,1.13251,1.13310,16684.9805
14.07.2020 08:00:00.000,1.13310,1.13585,1.13304,1.13505,16950.7891
14.07.2020 09:00:00.000,1.13505,1.13660,1.13473,1.13604,16060.5195
14.07.2020 10:00:00.000,1.13603,1.13734,1.13519,1.13705,18561.1191
14.07.2020 11:00:00.000,1.13704,1.13812,1.13646,1.13777,12039.9805
14.07.2020 12:00:00.000,1.13776,1.13805,1.13632,1.13717,24906.8203
14.07.2020 13:00:00.000,1.13717,1.13935,1.13612,1.13896,40904.8594
14.07.2020 14:00:00.000,1.13895,1.14056,1.13849,1.13991,76323.8594
14.07.2020 15:00:00.000,1.13991,1.14068,1.13929,1.14056,24975.1094
14.07.2020 16:00:00.000,1.14055,1.14086,1.14011,1.14031,10403.8701
14.07.2020 17:00:00.000,1.14031,1.14054,1.13923,1.13969,9307.8096
14.07.2020 18:00:00.000,1.13970,1.14036,1.13933,1.13933,17304.1895
14.07.2020 19:00:00.000,1.13934,1.13948,1.13868,1.13888,18409.5
14.07.2020 20:00:00.000,1.13889,1.14010,1.13886,1.13993,2573.95
14.07.2020 21:00:00.000,1.13990,1.14022,1.13936,1.14020,5098.5591
14.07.2020 22:00:00.000,1.14021,1.14123,1.14014,1.14087,2624.4299
14.07.2020 23:00:00.000,1.14088,1.14110,1.14048,1.14099,2731.1299
15.07.2020 00:00:00.000,1.14100,1.14230,1.14091,1.14129,7173.7402
15.07.2020 01:00:00.000,1.14131,1.14210,1.14094,1.14119,7138.3799
15.07.2020 02:00:00.000,1.14118,1.14118,1.14000,1.14026,6258.3301
15.07.2020 03:00:00.000,1.14026,1.14044,1.13952,1.13976,5648.54
15.07.2020 04:00:00.000,1.13976,1.14013,1.13939,1.13950,4363.9302
15.07.2020 05:00:00.000,1.13951,1.13999,1.13910,1.13994,4584.1699
15.07.2020 06:00:00.000,1.13994,1.14138,1.13956,1.14054,9947.8398
15.07.2020 07:00:00.000,1.14055,1.14375,1.13985,1.14325,18753.1699
15.07.2020 08:00:00.000,1.14328,1.14445,1.14304,1.14369,15948.3701
15.07.2020 09:00:00.000,1.14368,1.14373,1.14255,1.14268,12102.1904
15.07.2020 10:00:00.000,1.14268,1.14476,1.14263,1.14409,17192.9199
15.07.2020 11:00:00.000,1.14410,1.14462,1.14335,1.14380,35104.1914
15.07.2020 12:00:00.000,1.14384,1.14456,1.14348,1.14350,11886.5498
15.07.2020 13:00:00.000,1.14351,1.14520,1.14259,1.14274,29105.0098
15.07.2020 14:00:00.000,1.14274,1.14283,1.14102,1.14176,51751.9102
15.07.2020 15:00:00.000,1.14175,1.14241,1.14056,1.14056,17271.8398
15.07.2020 16:00:00.000,1.14055,1.14099,1.14014,1.14072,11395.1504
15.07.2020 17:00:00.000,1.14071,1.14101,1.14032,1.14056,14085.7695
15.07.2020 18:00:00.000,1.14054,1.14096,1.14034,1.14057,8492.4404
15.07.2020 19:00:00.000,1.14057,1.14117,1.14028,1.14092,8087.0601
15.07.2020 20:00:00.000,1.14093,1.14129,1.14078,1.14113,1823.41
15.07.2020 21:00:00.000,1.14113,1.14121,1.14082,1.14121,922.425
15.07.2020 22:00:00.000,1.14121,1.14142,1.14114,1.14117,1776.14
15.07.2020 23:00:00.000,1.14118,1.14180,1.14118,1.14168,2355.22
16.07.2020 00:00:00.000,1.14168,1.14185,1.14093,1.14146,7253.8101
16.07.2020 01:00:00.000,1.14145,1.14166,1.14092,1.14138,9759.3398
16.07.2020 02:00:00.000,1.14139,1.14165,1.14002,1.14031,6600.8599
16.07.2020 03:00:00.000,1.14031,1.14072,1.14020,1.14052,4756.4399
16.07.2020 04:00:00.000,1.14051,1.14072,1.14029,1.14059,3342.23
16.07.2020 05:00:00.000,1.14060,1.14068,1.13972,1.14030,5280.2402
16.07.2020 06:00:00.000,1.14030,1.14071,1.13928,1.13977,10262.0098
16.07.2020 07:00:00.000,1.13979,1.14107,1.13965,1.14077,15705.1904
16.07.2020 08:00:00.000,1.14074,1.14154,1.13856,1.13928,25342.5391
16.07.2020 09:00:00.000,1.13929,1.13998,1.13808,1.13808,13866.7803
16.07.2020 10:00:00.000,1.13808,1.13951,1.13781,1.13949,12284.8203
16.07.2020 11:00:00.000,1.13949,1.14172,1.13941,1.14130,13688.1201
16.07.2020 12:00:00.000,1.14130,1.14246,1.14055,1.14108,19297.9902
16.07.2020 13:00:00.000,1.14105,1.14343,1.13995,1.14288,22841
16.07.2020 14:00:00.000,1.14292,1.14417,1.14242,1.14323,26558.7793
16.07.2020 15:00:00.000,1.14324,1.14342,1.14214,1.14320,12185.96
16.07.2020 16:00:00.000,1.14321,1.14357,1.14085,1.14091,11903.2998
16.07.2020 17:00:00.000,1.14092,1.14101,1.13770,1.13827,17424.5703
16.07.2020 18:00:00.000,1.13827,1.13836,1.13751,1.13788,25768.4199
16.07.2020 19:00:00.000,1.13788,1.13837,1.13704,1.13820,15774.8604
16.07.2020 20:00:00.000,1.13820,1.13850,1.13787,1.13834,1809.4399
16.07.2020 21:00:00.000,1.13832,1.13845,1.13756,1.13818,6073.3774
16.07.2020 22:00:00.000,1.13815,1.13846,1.13799,1.13846,3435.0176
16.07.2020 23:00:00.000,1.13847,1.13887,1.13834,1.13878,2445.6299
17.07.2020 00:00:00.000,1.13877,1.13931,1.13824,1.13846,6450.7798
17.07.2020 01:00:00.000,1.13846,1.13851,1.13774,1.13810,9163.0098
17.07.2020 02:00:00.000,1.13811,1.13867,1.13797,1.13850,5105.3599
17.07.2020 03:00:00.000,1.13850,1.13924,1.13837,1.13917,4456.7998
17.07.2020 04:00:00.000,1.13916,1.13935,1.13855,1.13872,2540.6399
17.07.2020 05:00:00.000,1.13872,1.13875,1.13781,1.13797,4970.7998
17.07.2020 06:00:00.000,1.13796,1.13854,1.13779,1.13821,7236.29
17.07.2020 07:00:00.000,1.13821,1.13960,1.13796,1.13903,12104.6504
17.07.2020 08:00:00.000,1.13904,1.14175,1.13878,1.14164,10237.7197
17.07.2020 09:00:00.000,1.14162,1.14237,1.14116,1.14131,11006.2305
17.07.2020 10:00:00.000,1.14129,1.14286,1.14094,1.14283,8690.0098
17.07.2020 11:00:00.000,1.14284,1.14302,1.14205,1.14216,10861.5
17.07.2020 12:00:00.000,1.14219,1.14298,1.14162,1.14189,8480.2402
17.07.2020 13:00:00.000,1.14191,1.14343,1.14161,1.14306,13706.0195
17.07.2020 14:00:00.000,1.14306,1.14398,1.14200,1.14216,17110.9707
17.07.2020 15:00:00.000,1.14216,1.14377,1.14206,1.14369,9589.3799
17.07.2020 16:00:00.000,1.14369,1.14425,1.14297,1.14353,7475
17.07.2020 17:00:00.000,1.14353,1.14421,1.14353,1.14374,5651.2598
17.07.2020 18:00:00.000,1.14373,1.14436,1.14353,1.14368,4672.6401
17.07.2020 19:00:00.000,1.14367,1.14417,1.14340,1.14396,6301.52
17.07.2020 20:00:00.000,1.14396,1.14397,1.14227,1.14269,3176.3899
17.07.2020 21:00:00.000,1.14269,1.14269,1.14269,1.14269,0
17.07.2020 22:00:00.000,1.14269,1.14269,1.14269,1.14269,0
17.07.2020 23:00:00.000,1.14269,1.14269,1.14269,1.14269,0
18.07.2020 00:00:00.000,1.14269,1.14269,1.14269,1.14269,0
18.07.2020 01:00:00.000,1.14269,1.14269,1.14269,1.14269,0
18.07.2020 02:00:00.000,1.14269,1.14269,1.14269,1.14269,0
18.07.2020 03:00:00.000,1.14269,1.14269,1.14269,1.14269,0
18.07.2020 04:00:00.000,1.14269,1.14269,1.14269,1.14269,0
18.07.2020 05:00:00.000,1.14269,1.14269,1.14269,1.14269,0
18.07.2020 06:00:00.000,1.14269,1.14269,1.14269,1.14269,0
18.07.2020 07:00:00.000,1.14269,1.14269,1.14269,1.14269,0
18.07.2020 08:00:00.000,1.14269,1.14269,1.14269,1.14269,0
18.07.2020 09:00:00.000,1.14269,1.14269,1.14269,1.14269,0
18.07.2020 10:00:00.000,1.14269,1.14269,1.14269,1.14269,0
18.07.2020 11:00:00.000,1.14269,1.14269,1.14269,1.14269,0
18.07.2020 12:00:00.000,1.14269,1.14269,1.14269,1.14269,0
18.07.2020 13:00:00.000,1.14269,1.14269,1.14269,1.14269,0
18.07.2020 14:00:00.000,1.14269,1.14269,1.14269,1.14269,0
18.07.2020 15:00:00.000,1.14269,1.14269,1.14269,1.14269,0
18.07.2020 16:00:00.000,1.14269,1.14269,1.14269,1.14269,0
18.07.2020 17:00:00.000,1.14269,1.14269,1.14269,1.14269,0
18.07.2020 18:00:00.000,1.14269,1.14269,1.14269,1.14269,0
18.07.2020 19:00:00.000,1.14269,1.14269,1.14269,1.14269,0
18.07.2020 20:00:00.000,1.14269,1.14269,1.14269,1.14269,0
18.07.2020 21:00:00.000,1.14269,1.14269,1.14269,1.14269,0
18.07.2020 22:00:00.000,1.14269,1.14269,1.14269,1.14269,0
18.07.2020 23:00:00.000,1.14269,1.14269,1.14269,1.14269,0
19.07.2020 00:00:00.000,1.14269,1.14269,1.14269,1.14269,0
19.07.2020 01:00:00.000,1.14269,1.14269,1.14269,1.14269,0
19.07.2020 02:00:00.000,1.14269,1.14269,1.14269,1.14269,0
19.07.2020 03:00:00.000,1.14269,1.14269,1.14269,1.14269,0
19.07.2020 04:00:00.000,1.14269,1.14269,1.14269,1.14269,0
19.07.2020 05:00:00.000,1.14269,1.14269,1.14269,1.14269,0
19.07.2020 06:00:00.000,1.14269,1.14269,1.14269,1.14269,0
19.07.2020 07:00:00.000,1.14269,1.14269,1.14269,1.14269,0
19.07.2020 08:00:00.000,1.14269,1.14269,1.14269,1.14269,0
19.07.2020 09:00:00.000,1.14269,1.14269,1.14269,1.14269,0
19.07.2020 10:00:00.000,1.14269,1.14269,1.14269,1.14269,0
19.07.2020 11:00:00.000,1.14269,1.14269,1.14269,1.14269,0
19.07.2020 12:00:00.000,1.14269,1.14269,1.14269,1.14269,0
19.07.2020 13:00:00.000,1.14269,1.14269,1.14269,1.14269,0
19.07.2020 14:00:00.000,1.14269,1.14269,1.14269,1.14269,0
19.07.2020 15:00:00.000,1.14269,1.14269,1.14269,1.14269,0
19.07.2020 16:00:00.000,1.14269,1.14269,1.14269,1.14269,0
19.07.2020 17:00:00.000,1.14269,1.14269,1.14269,1.14269,0
19.07.2020 18:00:00.000,1.14269,1.14269,1.14269,1.14269,0
19.07.2020 19:00:00.000,1.14269,1.14269,1.14269,1.14269,0
19.07.2020 20:00:00.000,1.14269,1.14269,1.14269,1.14269,0
19.07.2020 21:00:00.000,1.14084,1.14258,1.14084,1.14183,486.1036
19.07.2020 22:00:00.000,1.14195,1.14430,1.14195,1.14354,4555.7998
19.07.2020 23:00:00.000,1.14355,1.14456,1.14353,1.14421,2636.6599
20.07.2020 00:00:00.000,1.14421,1.14421,1.14179,1.14224,5507.1401
20.07.2020 01:00:00.000,1.14224,1.14227,1.14126,1.14166,7560.5498
20.07.2020 02:00:00.000,1.14167,1.14226,1.14136,1.14177,5472.5498
20.07.2020 03:00:00.000,1.14178,1.14252,1.14145,1.14184,5282.9502
20.07.2020 04:00:00.000,1.14187,1.14423,1.14161,1.14423,5535.5
20.07.2020 05:00:00.000,1.14425,1.14558,1.14358,1.14523,9651.7998
20.07.2020 06:00:00.000,1.14525,1.14669,1.14501,1.14577,10920.6504
20.07.2020 07:00:00.000,1.14578,1.14578,1.14409,1.14556,16303.5
20.07.2020 08:00:00.000,1.14557,1.14677,1.14430,1.14575,14170.9502
20.07.2020 09:00:00.000,1.14575,1.14601,1.14510,1.14553,13480.1104
20.07.2020 10:00:00.000,1.14553,1.14610,1.14469,1.14522,13377.2998
20.07.2020 11:00:00.000,1.14522,1.14642,1.14448,1.14459,25115.4004
20.07.2020 12:00:00.000,1.14460,1.14499,1.14157,1.14183,22612.5098
20.07.2020 13:00:00.000,1.14182,1.14291,1.14023,1.14191,27129.3301
20.07.2020 14:00:00.000,1.14187,1.14442,1.14112,1.14397,26185.6504
20.07.2020 15:00:00.000,1.14397,1.14484,1.14364,1.14430,11008.8301
20.07.2020 16:00:00.000,1.14430,1.14451,1.14332,1.14385,37370.5391
20.07.2020 17:00:00.000,1.14385,1.14450,1.14336,1.14357,10689.4102
20.07.2020 18:00:00.000,1.14358,1.14431,1.14342,1.14406,4830.73
20.07.2020 19:00:00.000,1.14407,1.14482,1.14394,1.14480,5571.9102
20.07.2020 20:00:00.000,1.14478,1.14488,1.14427,1.14472,2188.47
20.07.2020 21:00:00.000,1.14472,1.14473,1.14423,1.14427,771.62
20.07.2020 22:00:00.000,1.14428,1.14474,1.14427,1.14462,1936.01
20.07.2020 23:00:00.000,1.14463,1.14586,1.14461,1.14557,2030.48
21.07.2020 00:00:00.000,1.14559,1.14639,1.14540,1.14554,6007.96
21.07.2020 01:00:00.000,1.14556,1.14620,1.14554,1.14591,11320.8096
21.07.2020 02:00:00.000,1.14592,1.14624,1.14573,1.14598,3985.5601
21.07.2020 03:00:00.000,1.14599,1.14696,1.14402,1.14453,11946.9404
21.07.2020 04:00:00.000,1.14452,1.14465,1.14228,1.14305,11726.1797
21.07.2020 05:00:00.000,1.14305,1.14436,1.14279,1.14434,6371.3301
21.07.2020 06:00:00.000,1.14434,1.14503,1.14365,1.14457,11269.9697
21.07.2020 07:00:00.000,1.14458,1.14667,1.14316,1.14426,31545.1406
21.07.2020 08:00:00.000,1.14428,1.14499,1.14289,1.14431,69783.0469
21.07.2020 09:00:00.000,1.14431,1.14472,1.14299,1.14434,14052.8398
21.07.2020 10:00:00.000,1.14435,1.14603,1.14363,1.14379,12652
21.07.2020 11:00:00.000,1.14380,1.14447,1.14315,1.14372,16766.9395
21.07.2020 12:00:00.000,1.14372,1.14523,1.14361,1.14386,13726
21.07.2020 13:00:00.000,1.14389,1.14612,1.14249,1.14592,23068.7305
21.07.2020 14:00:00.000,1.14592,1.14889,1.14512,1.14873,55962.4492
21.07.2020 15:00:00.000,1.14874,1.14951,1.14828,1.14936,30524.4199
21.07.2020 16:00:00.000,1.14936,1.15174,1.14913,1.15162,14600.9199
21.07.2020 17:00:00.000,1.15163,1.15394,1.15125,1.15335,9525.4102
21.07.2020 18:00:00.000,1.15339,1.15398,1.15268,1.15307,8373.8701
21.07.2020 19:00:00.000,1.15308,1.15345,1.15195,1.15254,11037.4199
21.07.2020 20:00:00.000,1.15253,1.15290,1.15204,1.15265,3005.74
21.07.2020 21:00:00.000,1.15268,1.15325,1.15236,1.15322,787.01
21.07.2020 22:00:00.000,1.15324,1.15343,1.15305,1.15321,2985.7549
21.07.2020 23:00:00.000,1.15324,1.15423,1.15296,1.15350,4718.5898
22.07.2020 00:00:00.000,1.15350,1.15385,1.15296,1.15310,8237.46
22.07.2020 01:00:00.000,1.15309,1.15416,1.15293,1.15396,9278.4102
22.07.2020 02:00:00.000,1.15396,1.15457,1.15343,1.15453,6285.04
22.07.2020 03:00:00.000,1.15453,1.15470,1.15395,1.15403,4842.3198
22.07.2020 04:00:00.000,1.15404,1.15416,1.15360,1.15392,3958.9099
22.07.2020 05:00:00.000,1.15389,1.15435,1.15350,1.15394,5686.4702
22.07.2020 06:00:00.000,1.15392,1.15425,1.15191,1.15316,16875.7305
22.07.2020 07:00:00.000,1.15315,1.15455,1.15077,1.15185,44717.1406
22.07.2020 08:00:00.000,1.15186,1.15319,1.15068,1.15221,65300.1484
22.07.2020 09:00:00.000,1.15222,1.15468,1.15167,1.15446,21397.2109
22.07.2020 10:00:00.000,1.15446,1.15836,1.15419,1.15685,33961.5508
22.07.2020 11:00:00.000,1.15686,1.15806,1.15562,1.15783,20509.9902
22.07.2020 12:00:00.000,1.15783,1.16000,1.15710,1.15956,17955.8906
22.07.2020 13:00:00.000,1.15956,1.16013,1.15779,1.15905,61832.4297
22.07.2020 14:00:00.000,1.15906,1.15951,1.15708,1.15935,81700.5469
22.07.2020 15:00:00.000,1.15936,1.15938,1.15782,1.15868,16847.4609
22.07.2020 16:00:00.000,1.15868,1.15898,1.15737,1.15771,17612.1406
22.07.2020 17:00:00.000,1.15772,1.15820,1.15646,1.15686,8703.2998
22.07.2020 18:00:00.000,1.15685,1.15727,1.15627,1.15689,6289.1602
22.07.2020 19:00:00.000,1.15691,1.15790,1.15663,1.15783,6630.0898
22.07.2020 20:00:00.000,1.15783,1.15783,1.15673,1.15695,2534.3999
22.07.2020 21:00:00.000,1.15693,1.15755,1.15668,1.15709,1016.895
22.07.2020 22:00:00.000,1.15726,1.15758,1.15693,1.15697,2408.52
22.07.2020 23:00:00.000,1.15697,1.15723,1.15642,1.15646,3989.5901
23.07.2020 00:00:00.000,1.15647,1.15752,1.15641,1.15675,8359.2402
23.07.2020 01:00:00.000,1.15674,1.15765,1.15642,1.15741,11957.4805
23.07.2020 02:00:00.000,1.15740,1.15748,1.15656,1.15677,6339.7598
23.07.2020 03:00:00.000,1.15677,1.15775,1.15674,1.15768,4230.3501
23.07.2020 04:00:00.000,1.15769,1.15838,1.15752,1.15803,4602.25
23.07.2020 05:00:00.000,1.15803,1.15871,1.15774,1.15840,4772.6699
23.07.2020 06:00:00.000,1.15840,1.15936,1.15838,1.15912,9070.0898
23.07.2020 07:00:00.000,1.15911,1.15983,1.15704,1.15859,15386.8496
23.07.2020 08:00:00.000,1.15860,1.15919,1.15788,1.15882,16784.3594
23.07.2020 09:00:00.000,1.15883,1.15940,1.15850,1.15915,8897.8398
23.07.2020 10:00:00.000,1.15916,1.15945,1.15819,1.15869,8970.4404
23.07.2020 11:00:00.000,1.15869,1.15901,1.15688,1.15720,13013.1504
23.07.2020 12:00:00.000,1.15719,1.15747,1.15416,1.15420,25189.9707
23.07.2020 13:00:00.000,1.15421,1.15867,1.15403,1.15858,37339.4492
23.07.2020 14:00:00.000,1.15858,1.16091,1.15755,1.15954,31099.4199
23.07.2020 15:00:00.000,1.15953,1.16268,1.15814,1.16221,53617.6094
23.07.2020 16:00:00.000,1.16224,1.16240,1.16110,1.16203,13615.8701
23.07.2020 17:00:00.000,1.16202,1.16244,1.16027,1.16080,26700.5
23.07.2020 18:00:00.000,1.16078,1.16107,1.15980,1.16086,21312.0293
23.07.2020 19:00:00.000,1.16085,1.16095,1.15887,1.15924,26026.3398
23.07.2020 20:00:00.000,1.15925,1.15982,1.15899,1.15959,2969.6001
23.07.2020 21:00:00.000,1.15959,1.15964,1.15915,1.15959,614.01
23.07.2020 22:00:00.000,1.15962,1.16025,1.15941,1.16024,2718.665
23.07.2020 23:00:00.000,1.16023,1.16025,1.15949,1.15952,3769.47
24.07.2020 00:00:00.000,1.15953,1.16162,1.15923,1.16139,5592.6802
24.07.2020 01:00:00.000,1.16138,1.16210,1.16081,1.16136,7930.7402
24.07.2020 02:00:00.000,1.16137,1.16156,1.16098,1.16149,6264.29
24.07.2020 03:00:00.000,1.16149,1.16183,1.16044,1.16130,8194.0801
24.07.2020 04:00:00.000,1.16130,1.16143,1.15949,1.15980,7177.48
24.07.2020 05:00:00.000,1.15980,1.16026,1.15901,1.16026,7497.0601
24.07.2020 06:00:00.000,1.16027,1.16171,1.16016,1.16142,24360.75
24.07.2020 07:00:00.000,1.16142,1.16213,1.15937,1.16099,46279.3594
24.07.2020 08:00:00.000,1.16099,1.16157,1.15924,1.16003,50489.7695
24.07.2020 09:00:00.000,1.16002,1.16118,1.15911,1.15974,15975.96
24.07.2020 10:00:00.000,1.15976,1.16041,1.15812,1.15837,33020.4219
24.07.2020 11:00:00.000,1.15836,1.16015,1.15828,1.16010,12410.1504
24.07.2020 12:00:00.000,1.16009,1.16175,1.16009,1.16148,17259.5293
24.07.2020 13:00:00.000,1.16148,1.16218,1.15978,1.16120,28080.0508
24.07.2020 14:00:00.000,1.16120,1.16385,1.16097,1.16250,47465.0508
24.07.2020 15:00:00.000,1.16251,1.16378,1.16212,1.16340,37886.8203
24.07.2020 16:00:00.000,1.16343,1.16377,1.16287,1.16349,22046.75
24.07.2020 17:00:00.000,1.16348,1.16445,1.16344,1.16406,7895.3101
24.07.2020 18:00:00.000,1.16406,1.16475,1.16361,1.16361,10610.1396
24.07.2020 19:00:00.000,1.16360,1.16422,1.16342,1.16411,7011.3301
24.07.2020 20:00:00.000,1.16411,1.16580,1.16407,1.16546,3845.4885
24.07.2020 21:00:00.000,1.16546,1.16546,1.16546,1.16546,0
24.07.2020 22:00:00.000,1.16546,1.16546,1.16546,1.16546,0
24.07.2020 23:00:00.000,1.16546,1.16546,1.16546,1.16546,0
25.07.2020 00:00:00.000,1.16546,1.16546,1.16546,1.16546,0
25.07.2020 01:00:00.000,1.16546,1.16546,1.16546,1.16546,0
25.07.2020 02:00:00.000,1.16546,1.16546,1.16546,1.16546,0
25.07.2020 03:00:00.000,1.16546,1.16546,1.16546,1.16546,0
25.07.2020 04:00:00.000,1.16546,1.16546,1.16546,1.16546,0
25.07.2020 05:00:00.000,1.16546,1.16546,1.16546,1.16546,0
25.07.2020 06:00:00.000,1.16546,1.16546,1.16546,1.16546,0
25.07.2020 07:00:00.000,1.16546,1.16546,1.16546,1.16546,0
25.07.2020 08:00:00.000,1.16546,1.16546,1.16546,1.16546,0
25.07.2020 09:00:00.000,1.16546,1.16546,1.16546,1.16546,0
25.07.2020 10:00:00.000,1.16546,1.16546,1.16546,1.16546,0
25.07.2020 11:00:00.000,1.16546,1.16546,1.16546,1.16546,0
25.07.2020 12:00:00.000,1.16546,1.16546,1.16546,1.16546,0
25.07.2020 13:00:00.000,1.16546,1.16546,1.16546,1.16546,0
25.07.2020 14:00:00.000,1.16546,1.16546,1.16546,1.16546,0
25.07.2020 15:00:00.000,1.16546,1.16546,1.16546,1.16546,0
25.07.2020 16:00:00.000,1.16546,1.16546,1.16546,1.16546,0
25.07.2020 17:00:00.000,1.16546,1.16546,1.16546,1.16546,0
25.07.2020 18:00:00.000,1.16546,1.16546,1.16546,1.16546,0
25.07.2020 19:00:00.000,1.16546,1.16546,1.16546,1.16546,0
25.07.2020 20:00:00.000,1.16546,1.16546,1.16546,1.16546,0
25.07.2020 21:00:00.000,1.16546,1.16546,1.16546,1.16546,0
25.07.2020 22:00:00.000,1.16546,1.16546,1.16546,1.16546,0
25.07.2020 23:00:00.000,1.16546,1.16546,1.16546,1.16546,0
26.07.2020 00:00:00.000,1.16546,1.16546,1.16546,1.16546,0
26.07.2020 01:00:00.000,1.16546,1.16546,1.16546,1.16546,0
26.07.2020 02:00:00.000,1.16546,1.16546,1.16546,1.16546,0
26.07.2020 03:00:00.000,1.16546,1.16546,1.16546,1.16546,0
26.07.2020 04:00:00.000,1.16546,1.16546,1.16546,1.16546,0
26.07.2020 05:00:00.000,1.16546,1.16546,1.16546,1.16546,0
26.07.2020 06:00:00.000,1.16546,1.16546,1.16546,1.16546,0
26.07.2020 07:00:00.000,1.16546,1.16546,1.16546,1.16546,0
26.07.2020 08:00:00.000,1.16546,1.16546,1.16546,1.16546,0
26.07.2020 09:00:00.000,1.16546,1.16546,1.16546,1.16546,0
26.07.2020 10:00:00.000,1.16546,1.16546,1.16546,1.16546,0
26.07.2020 11:00:00.000,1.16546,1.16546,1.16546,1.16546,0
26.07.2020 12:00:00.000,1.16546,1.16546,1.16546,1.16546,0
26.07.2020 13:00:00.000,1.16546,1.16546,1.16546,1.16546,0
26.07.2020 14:00:00.000,1.16546,1.16546,1.16546,1.16546,0
26.07.2020 15:00:00.000,1.16546,1.16546,1.16546,1.16546,0
26.07.2020 16:00:00.000,1.16546,1.16546,1.16546,1.16546,0
26.07.2020 17:00:00.000,1.16546,1.16546,1.16546,1.16546,0
26.07.2020 18:00:00.000,1.16546,1.16546,1.16546,1.16546,0
26.07.2020 19:00:00.000,1.16546,1.16546,1.16546,1.16546,0
26.07.2020 20:00:00.000,1.16546,1.16546,1.16546,1.16546,0
26.07.2020 21:00:00.000,1.16430,1.16457,1.16413,1.16445,276.52
26.07.2020 22:00:00.000,1.16445,1.16549,1.16429,1.16523,5036.98
26.07.2020 23:00:00.000,1.16525,1.16555,1.16421,1.16495,10755.5898
27.07.2020 00:00:00.000,1.16496,1.16984,1.16494,1.16886,11419.1201
27.07.2020 01:00:00.000,1.16885,1.16985,1.16852,1.16922,10692.54
27.07.2020 02:00:00.000,1.16924,1.17158,1.16895,1.17101,12110.1201
27.07.2020 03:00:00.000,1.17101,1.17250,1.17074,1.17106,10496.4297
27.07.2020 04:00:00.000,1.17106,1.17119,1.17000,1.17050,24927.25
27.07.2020 05:00:00.000,1.17051,1.17051,1.16951,1.17014,7671.4399
27.07.2020 06:00:00.000,1.17013,1.17168,1.17008,1.17088,18527.6699
27.07.2020 07:00:00.000,1.17088,1.17134,1.16895,1.16960,18540.8203
27.07.2020 08:00:00.000,1.16959,1.17117,1.16936,1.16953,16290.6699
27.07.2020 09:00:00.000,1.16953,1.17075,1.16818,1.17064,14614.9902
27.07.2020 10:00:00.000,1.17063,1.17329,1.17050,1.17263,13322.0303
27.07.2020 11:00:00.000,1.17263,1.17450,1.17176,1.17440,26691.3301
27.07.2020 12:00:00.000,1.17442,1.17642,1.17356,1.17390,18947.8691
27.07.2020 13:00:00.000,1.17390,1.17601,1.17280,1.17593,42890.9688
27.07.2020 14:00:00.000,1.17592,1.17782,1.17471,1.17772,19769.9297
27.07.2020 15:00:00.000,1.17770,1.17813,1.17494,1.17499,14759.1797
27.07.2020 16:00:00.000,1.17501,1.17576,1.17433,1.17449,21784.5195
27.07.2020 17:00:00.000,1.17448,1.17564,1.17448,1.17555,6045.6099
27.07.2020 18:00:00.000,1.17554,1.17646,1.17502,1.17502,6324.4902
27.07.2020 19:00:00.000,1.17501,1.17517,1.17423,1.17454,6530.8901
27.07.2020 20:00:00.000,1.17453,1.17518,1.17441,1.17510,2478.6399
27.07.2020 21:00:00.000,1.17512,1.17542,1.17459,1.17495,2427.7649
27.07.2020 22:00:00.000,1.17501,1.17641,1.17491,1.17634,4092.04
27.07.2020 23:00:00.000,1.17633,1.17688,1.17513,1.17682,7343.1099
28.07.2020 00:00:00.000,1.17681,1.17729,1.17601,1.17661,11142.25
28.07.2020 01:00:00.000,1.17660,1.17736,1.17555,1.17584,10290.4004
28.07.2020 02:00:00.000,1.17583,1.17631,1.17432,1.17446,8645.29
28.07.2020 03:00:00.000,1.17447,1.17471,1.17141,1.17243,19972.4004
28.07.2020 04:00:00.000,1.17243,1.17353,1.17181,1.17312,10816.1797
28.07.2020 05:00:00.000,1.17311,1.17357,1.17211,1.17352,9380
28.07.2020 06:00:00.000,1.17351,1.17405,1.17243,1.17271,12309.4102
28.07.2020 07:00:00.000,1.17272,1.17356,1.17058,1.17107,18227.6309
28.07.2020 08:00:00.000,1.17110,1.17218,1.16987,1.17210,16328.9697
28.07.2020 09:00:00.000,1.17213,1.17367,1.17108,1.17288,14956.79
28.07.2020 10:00:00.000,1.17289,1.17402,1.17254,1.17377,13839.8496
28.07.2020 11:00:00.000,1.17378,1.17430,1.17001,1.17045,19644.3105
28.07.2020 12:00:00.000,1.17045,1.17359,1.17041,1.17330,15937.1299
28.07.2020 13:00:00.000,1.17329,1.17422,1.17215,1.17322,37693.2188
28.07.2020 14:00:00.000,1.17321,1.17396,1.17082,1.17289,47512.8906
28.07.2020 15:00:00.000,1.17291,1.17325,1.17124,1.17319,23155.3008
28.07.2020 16:00:00.000,1.17319,1.17372,1.17281,1.17346,13125.2305
28.07.2020 17:00:00.000,1.17347,1.17371,1.17277,1.17306,7686.2598
28.07.2020 18:00:00.000,1.17306,1.17320,1.17190,1.17238,9620.46
28.07.2020 19:00:00.000,1.17239,1.17242,1.17122,1.17140,8155.1802
28.07.2020 20:00:00.000,1.17139,1.17201,1.17132,1.17150,2825.8301
28.07.2020 21:00:00.000,1.17148,1.17214,1.17118,1.17205,508.22
28.07.2020 22:00:00.000,1.17205,1.17234,1.17179,1.17199,2418.2151
28.07.2020 23:00:00.000,1.17199,1.17217,1.17178,1.17185,2334.76
29.07.2020 00:00:00.000,1.17185,1.17256,1.17139,1.17214,7183.0498
29.07.2020 01:00:00.000,1.17214,1.17242,1.17151,1.17240,7753.96
29.07.2020 02:00:00.000,1.17240,1.17313,1.17202,1.17283,23757.1094
29.07.2020 03:00:00.000,1.17283,1.17320,1.17247,1.17285,6104.8599
29.07.2020 04:00:00.000,1.17286,1.17338,1.17249,1.17295,4865.9302
29.07.2020 05:00:00.000,1.17294,1.17346,1.17245,1.17344,5808.7402
29.07.2020 06:00:00.000,1.17342,1.17508,1.17320,1.17474,11909.0498
29.07.2020 07:00:00.000,1.17475,1.17699,1.17433,1.17593,21833.8691
29.07.2020 08:00:00.000,1.17593,1.17631,1.17471,1.17506,13920.71
29.07.2020 09:00:00.000,1.17507,1.17543,1.17417,1.17471,21051.6699
29.07.2020 10:00:00.000,1.17472,1.17544,1.17424,1.17462,11693.7402
29.07.2020 11:00:00.000,1.17461,1.17465,1.17201,1.17223,14873.8701
29.07.2020 12:00:00.000,1.17221,1.17454,1.17184,1.17435,32208.4492
29.07.2020 13:00:00.000,1.17437,1.17641,1.17420,1.17551,30229.0195
29.07.2020 14:00:00.000,1.17550,1.17783,1.17514,1.17747,25342.5703
29.07.2020 15:00:00.000,1.17749,1.17770,1.17640,1.17692,15349.6201
29.07.2020 16:00:00.000,1.17693,1.17773,1.17665,1.17736,8876.7695
29.07.2020 17:00:00.000,1.17735,1.17906,1.17700,1.17869,10362.3398
29.07.2020 18:00:00.000,1.17861,1.18061,1.17579,1.17664,32113.6602
29.07.2020 19:00:00.000,1.17666,1.17933,1.17539,1.17768,23991.9297
29.07.2020 20:00:00.000,1.17768,1.17971,1.17764,1.17907,4102.6802
29.07.2020 21:00:00.000,1.17910,1.17931,1.17835,1.17924,3013.7883
29.07.2020 22:00:00.000,1.17924,1.17931,1.17894,1.17897,1607.2
29.07.2020 23:00:00.000,1.17895,1.17897,1.17805,1.17806,3945.6001
30.07.2020 00:00:00.000,1.17809,1.17845,1.17722,1.17795,8089.7598
30.07.2020 01:00:00.000,1.17796,1.17839,1.17685,1.17702,9909.4805
30.07.2020 02:00:00.000,1.17702,1.17774,1.17656,1.17770,6055.3198
30.07.2020 03:00:00.000,1.17770,1.17850,1.17742,1.17762,5864.3198
30.07.2020 04:00:00.000,1.17762,1.17766,1.17664,1.17683,8462.0596
30.07.2020 05:00:00.000,1.17683,1.17692,1.17589,1.17597,17322.6797
30.07.2020 06:00:00.000,1.17598,1.17629,1.17493,1.17564,15378.2197
30.07.2020 07:00:00.000,1.17563,1.17648,1.17458,1.17577,23496.5098
30.07.2020 08:00:00.000,1.17578,1.17640,1.17402,1.17418,20904.7793
30.07.2020 09:00:00.000,1.17421,1.17615,1.17308,1.17574,20551.9297
30.07.2020 10:00:00.000,1.17573,1.17586,1.17423,1.17469,12390.5801
30.07.2020 11:00:00.000,1.17470,1.17600,1.17443,1.17487,12732.21
30.07.2020 12:00:00.000,1.17486,1.17789,1.17423,1.17770,18917.6699
30.07.2020 13:00:00.000,1.17771,1.18097,1.17739,1.17878,30425.0703
30.07.2020 14:00:00.000,1.17878,1.17973,1.17739,1.17951,52823.2695
30.07.2020 15:00:00.000,1.17953,1.17957,1.17749,1.17902,19210.5703
30.07.2020 16:00:00.000,1.17903,1.18061,1.17900,1.18036,12100.3398
30.07.2020 17:00:00.000,1.18034,1.18341,1.18020,1.18281,12978.1201
30.07.2020 18:00:00.000,1.18281,1.18385,1.18247,1.18385,8283.3301
30.07.2020 19:00:00.000,1.18386,1.18447,1.18370,1.18447,8819.4102
30.07.2020 20:00:00.000,1.18445,1.18482,1.18430,1.18467,3155.5901
30.07.2020 21:00:00.000,1.18465,1.18470,1.18365,1.18412,906.36
30.07.2020 22:00:00.000,1.18414,1.18486,1.18401,1.18479,4018.03
30.07.2020 23:00:00.000,1.18481,1.18762,1.18430,1.18719,22029.4492
31.07.2020 00:00:00.000,1.18718,1.18885,1.18620,1.18659,28477.9805
31.07.2020 01:00:00.000,1.18662,1.18846,1.18618,1.18832,12271.5195
31.07.2020 02:00:00.000,1.18832,1.19047,1.18820,1.18904,13997.0596
31.07.2020 03:00:00.000,1.18904,1.18932,1.18826,1.18918,9205
31.07.2020 04:00:00.000,1.18918,1.18976,1.18851,1.18976,13466.4199
31.07.2020 05:00:00.000,1.18974,1.18978,1.18859,1.18880,15847.2998
31.07.2020 06:00:00.000,1.18880,1.19087,1.18769,1.19014,20703.3691
31.07.2020 07:00:00.000,1.19013,1.19036,1.18740,1.18755,82539.4766
31.07.2020 08:00:00.000,1.18756,1.18859,1.18521,1.18577,22061.4902
31.07.2020 09:00:00.000,1.18577,1.18582,1.18383,1.18571,18296.1504
31.07.2020 10:00:00.000,1.18569,1.18623,1.18461,1.18497,13725.7402
31.07.2020 11:00:00.000,1.18498,1.18503,1.18273,1.18397,18619.7305
31.07.2020 12:00:00.000,1.18397,1.18523,1.18367,1.18436,16322.0996
31.07.2020 13:00:00.000,1.18438,1.18455,1.18018,1.18244,63937.9219
31.07.2020 14:00:00.000,1.18243,1.18511,1.18200,1.18310,78638.5313
31.07.2020 15:00:00.000,1.18308,1.18395,1.18119,1.18218,44301.8516
31.07.2020 16:00:00.000,1.18217,1.18218,1.17617,1.17911,31155.8809
31.07.2020 17:00:00.000,1.17911,1.18053,1.17855,1.17896,14983.5195
31.07.2020 18:00:00.000,1.17899,1.17947,1.17781,1.17885,20543.9395
31.07.2020 19:00:00.000,1.17885,1.17927,1.17746,1.17787,9060.5996
31.07.2020 20:00:00.000,1.17787,1.17834,1.17693,1.17753,5383.79
31.07.2020 21:00:00.000,1.17753,1.17753,1.17753,1.17753,0
31.07.2020 22:00:00.000,1.17753,1.17753,1.17753,1.17753,0
31.07.2020 23:00:00.000,1.17753,1.17753,1.17753,1.17753,0
01.08.2020 00:00:00.000,1.17753,1.17753,1.17753,1.17753,0
01.08.2020 01:00:00.000,1.17753,1.17753,1.17753,1.17753,0
01.08.2020 02:00:00.000,1.17753,1.17753,1.17753,1.17753,0
01.08.2020 03:00:00.000,1.17753,1.17753,1.17753,1.17753,0
01.08.2020 04:00:00.000,1.17753,1.17753,1.17753,1.17753,0
01.08.2020 05:00:00.000,1.17753,1.17753,1.17753,1.17753,0
01.08.2020 06:00:00.000,1.17753,1.17753,1.17753,1.17753,0
01.08.2020 07:00:00.000,1.17753,1.17753,1.17753,1.17753,0
01.08.2020 08:00:00.000,1.17753,1.17753,1.17753,1.17753,0
01.08.2020 09:00:00.000,1.17753,1.17753,1.17753,1.17753,0
01.08.2020 10:00:00.000,1.17753,1.17753,1.17753,1.17753,0
01.08.2020 11:00:00.000,1.17753,1.17753,1.17753,1.17753,0
01.08.2020 12:00:00.000,1.17753,1.17753,1.17753,1.17753,0
01.08.2020 13:00:00.000,1.17753,1.17753,1.17753,1.17753,0
01.08.2020 14:00:00.000,1.17753,1.17753,1.17753,1.17753,0
01.08.2020 15:00:00.000,1.17753,1.17753,1.17753,1.17753,0
01.08.2020 16:00:00.000,1.17753,1.17753,1.17753,1.17753,0
01.08.2020 17:00:00.000,1.17753,1.17753,1.17753,1.17753,0
01.08.2020 18:00:00.000,1.17753,1.17753,1.17753,1.17753,0
01.08.2020 19:00:00.000,1.17753,1.17753,1.17753,1.17753,0
01.08.2020 20:00:00.000,1.17753,1.17753,1.17753,1.17753,0
01.08.2020 21:00:00.000,1.17753,1.17753,1.17753,1.17753,0
01.08.2020 22:00:00.000,1.17753,1.17753,1.17753,1.17753,0
01.08.2020 23:00:00.000,1.17753,1.17753,1.17753,1.17753,0
02.08.2020 00:00:00.000,1.17753,1.17753,1.17753,1.17753,0
02.08.2020 01:00:00.000,1.17753,1.17753,1.17753,1.17753,0
02.08.2020 02:00:00.000,1.17753,1.17753,1.17753,1.17753,0
02.08.2020 03:00:00.000,1.17753,1.17753,1.17753,1.17753,0
02.08.2020 04:00:00.000,1.17753,1.17753,1.17753,1.17753,0
02.08.2020 05:00:00.000,1.17753,1.17753,1.17753,1.17753,0
02.08.2020 06:00:00.000,1.17753,1.17753,1.17753,1.17753,0
02.08.2020 07:00:00.000,1.17753,1.17753,1.17753,1.17753,0
02.08.2020 08:00:00.000,1.17753,1.17753,1.17753,1.17753,0
02.08.2020 09:00:00.000,1.17753,1.17753,1.17753,1.17753,0
02.08.2020 10:00:00.000,1.17753,1.17753,1.17753,1.17753,0
02.08.2020 11:00:00.000,1.17753,1.17753,1.17753,1.17753,0
02.08.2020 12:00:00.000,1.17753,1.17753,1.17753,1.17753,0
02.08.2020 13:00:00.000,1.17753,1.17753,1.17753,1.17753,0
02.08.2020 14:00:00.000,1.17753,1.17753,1.17753,1.17753,0
02.08.2020 15:00:00.000,1.17753,1.17753,1.17753,1.17753,0
02.08.2020 16:00:00.000,1.17753,1.17753,1.17753,1.17753,0
02.08.2020 17:00:00.000,1.17753,1.17753,1.17753,1.17753,0
02.08.2020 18:00:00.000,1.17753,1.17753,1.17753,1.17753,0
02.08.2020 19:00:00.000,1.17753,1.17753,1.17753,1.17753,0
02.08.2020 20:00:00.000,1.17753,1.17753,1.17753,1.17753,0
02.08.2020 21:00:00.000,1.17725,1.17781,1.17717,1.17747,222.03349999999995
02.08.2020 22:00:00.000,1.17747,1.17963,1.17725,1.17942,3279.0100000000007
02.08.2020 23:00:00.000,1.17943,1.17966,1.17772,1.17810,4194.699999999999
03.08.2020 00:00:00.000,1.17809,1.17887,1.17405,1.17532,14755.170000000002
03.08.2020 01:00:00.000,1.17533,1.17722,1.17448,1.17712,14096.479999999996
03.08.2020 02:00:00.000,1.17712,1.17731,1.17626,1.17677,7746.890000000001
03.08.2020 03:00:00.000,1.17681,1.17757,1.17662,1.17728,7089.019999999999
03.08.2020 04:00:00.000,1.17727,1.17821,1.17711,1.17756,5526.84
03.08.2020 05:00:00.000,1.17755,1.17788,1.17670,1.17738,6416.839999999999
03.08.2020 06:00:00.000,1.17741,1.17752,1.17488,1.17500,11662.92
03.08.2020 07:00:00.000,1.17500,1.17680,1.17498,1.17621,17798.02
03.08.2020 08:00:00.000,1.17624,1.17849,1.17591,1.17790,41500.2399
03.08.2020 09:00:00.000,1.17790,1.17796,1.17422,1.17444,13403.110000000008
03.08.2020 10:00:00.000,1.17444,1.17450,1.17139,1.17248,46951.989499999996
03.08.2020 11:00:00.000,1.17248,1.17346,1.17246,1.17252,11468.159999999996
03.08.2020 12:00:00.000,1.17251,1.17342,1.17060,1.17074,15307.069999999998
03.08.2020 13:00:00.000,1.17074,1.17243,1.16959,1.17230,22574.1601
03.08.2020 14:00:00.000,1.17230,1.17432,1.17216,1.17379,24607.1
03.08.2020 15:00:00.000,1.17379,1.17507,1.17335,1.17496,14337.610000000002
03.08.2020 16:00:00.000,1.17497,1.17519,1.17381,1.17491,8716.509999999998
03.08.2020 17:00:00.000,1.17491,1.17585,1.17470,1.17518,8324.53
03.08.2020 18:00:00.000,1.17522,1.17631,1.17507,1.17590,6800.510000000002
03.08.2020 19:00:00.000,1.17589,1.17656,1.17580,1.17640,5515.480000000001
03.08.2020 20:00:00.000,1.17639,1.17678,1.17617,1.17617,2230.27
03.08.2020 21:00:00.000,1.17633,1.17653,1.17567,1.17596,790.4449999999999
03.08.2020 22:00:00.000,1.17607,1.17658,1.17593,1.17603,2472.9950000000003
03.08.2020 23:00:00.000,1.17603,1.17609,1.17560,1.17603,2681.3699999999994
04.08.2020 00:00:00.000,1.17603,1.17614,1.17521,1.17535,5092.450000000001
04.08.2020 01:00:00.000,1.17537,1.17592,1.17533,1.17583,6328.570000000002
04.08.2020 02:00:00.000,1.17583,1.17733,1.17569,1.17721,6433.93
04.08.2020 03:00:00.000,1.17720,1.17738,1.17635,1.17676,4170.220000000001
04.08.2020 04:00:00.000,1.17676,1.17745,1.17669,1.17738,4813.750000000001
04.08.2020 05:00:00.000,1.17737,1.17770,1.17640,1.17665,4763.650000000001
04.08.2020 06:00:00.000,1.17666,1.17800,1.17639,1.17768,10747.210000000003
04.08.2020 07:00:00.000,1.17767,1.18026,1.17715,1.17865,22013.589999999997
04.08.2020 08:00:00.000,1.17865,1.17949,1.17727,1.17924,36787.87979999999
04.08.2020 09:00:00.000,1.17924,1.18059,1.17920,1.17947,16584.8301
04.08.2020 10:00:00.000,1.17945,1.17951,1.17680,1.17699,14945.740000000007
04.08.2020 11:00:00.000,1.17700,1.17732,1.17543,1.17609,17468.48
04.08.2020 12:00:00.000,1.17609,1.17712,1.17220,1.17282,20747.19
04.08.2020 13:00:00.000,1.17283,1.17381,1.17211,1.17242,23801.55
04.08.2020 14:00:00.000,1.17241,1.17643,1.17238,1.17565,32238.51989999999
04.08.2020 15:00:00.000,1.17566,1.17736,1.17506,1.17652,58007.7
04.08.2020 16:00:00.000,1.17652,1.17777,1.17644,1.17777,38998.369999999995
04.08.2020 17:00:00.000,1.17777,1.17852,1.17757,1.17828,32340.460000000006
04.08.2020 18:00:00.000,1.17828,1.17913,1.17746,1.17823,27604.739999999998
04.08.2020 19:00:00.000,1.17820,1.18030,1.17819,1.18026,30545.7001
04.08.2020 20:00:00.000,1.18027,1.18028,1.17945,1.18028,9929.43
04.08.2020 21:00:00.000,1.18026,1.18026,1.17960,1.17967,5345.690100000001
04.08.2020 22:00:00.000,1.17964,1.18002,1.17929,1.17979,5264.7
04.08.2020 23:00:00.000,1.17981,1.18148,1.17943,1.18136,14674.48
05.08.2020 00:00:00.000,1.18135,1.18150,1.18009,1.18091,24512.5599
05.08.2020 01:00:00.000,1.18091,1.18135,1.18049,1.18100,25040.54
05.08.2020 02:00:00.000,1.18098,1.18214,1.18062,1.18196,21955.180000000008
05.08.2020 03:00:00.000,1.18197,1.18200,1.18120,1.18151,16467.62
05.08.2020 04:00:00.000,1.18152,1.18182,1.18131,1.18168,12524.360000000004
05.08.2020 05:00:00.000,1.18168,1.18178,1.18029,1.18031,17476.2
05.08.2020 06:00:00.000,1.18029,1.18259,1.17992,1.18243,47883.1198
05.08.2020 07:00:00.000,1.18242,1.18299,1.18149,1.18202,63308.420000000006
05.08.2020 08:00:00.000,1.18202,1.18414,1.18067,1.18402,59175.84010000001
05.08.2020 09:00:00.000,1.18405,1.18615,1.18339,1.18564,85119.71949999998
05.08.2020 10:00:00.000,1.18564,1.18616,1.18317,1.18336,66716.84020000002
05.08.2020 11:00:00.000,1.18337,1.18564,1.18327,1.18549,66393.77020000001
05.08.2020 12:00:00.000,1.18550,1.18809,1.18475,1.18777,71615.64989999997
05.08.2020 13:00:00.000,1.18779,1.19000,1.18628,1.18917,78345.50050000001
05.08.2020 14:00:00.000,1.18912,1.19002,1.18711,1.18816,90990.8894
05.08.2020 15:00:00.000,1.18815,1.19048,1.18809,1.18967,96675.60959999998
05.08.2020 16:00:00.000,1.18967,1.18982,1.18671,1.18731,45291.12000000001
05.08.2020 17:00:00.000,1.18731,1.18787,1.18625,1.18656,43808.54000000001
05.08.2020 18:00:00.000,1.18655,1.18678,1.18544,1.18599,33952.63
05.08.2020 19:00:00.000,1.18600,1.18660,1.18582,1.18591,36917.11010000001
05.08.2020 20:00:00.000,1.18591,1.18652,1.18556,1.18629,19088.27
05.08.2020 21:00:00.000,1.18627,1.18664,1.18614,1.18650,1514.1999999999998
05.08.2020 22:00:00.000,1.18650,1.18759,1.18647,1.18724,5950.6050000000005
05.08.2020 23:00:00.000,1.18724,1.18753,1.18700,1.18720,9194.139999999998
06.08.2020 00:00:00.000,1.18721,1.18859,1.18709,1.18784,38175.049999999996
06.08.2020 01:00:00.000,1.18784,1.18838,1.18685,1.18718,31401.320000000003
06.08.2020 02:00:00.000,1.18719,1.18729,1.18627,1.18634,41653.18000000001
06.08.2020 03:00:00.000,1.18635,1.18756,1.18630,1.18725,33681.3001
06.08.2020 04:00:00.000,1.18725,1.18802,1.18725,1.18791,27118.4
06.08.2020 05:00:00.000,1.18790,1.18856,1.18780,1.18813,31113.77999999999
06.08.2020 06:00:00.000,1.18816,1.19160,1.18720,1.18803,87862.92030000004
06.08.2020 07:00:00.000,1.18802,1.18802,1.18381,1.18424,179723.26979999998
06.08.2020 08:00:00.000,1.18424,1.18588,1.18390,1.18423,93329.02029999999
06.08.2020 09:00:00.000,1.18423,1.18703,1.18380,1.18606,88090.3402
06.08.2020 10:00:00.000,1.18606,1.18646,1.18410,1.18426,89648.04990000001
06.08.2020 11:00:00.000,1.18428,1.18501,1.18320,1.18472,91095.4095
06.08.2020 12:00:00.000,1.18473,1.18638,1.18366,1.18488,132109.3293
06.08.2020 13:00:00.000,1.18488,1.18664,1.18320,1.18564,87695.72939999998
06.08.2020 14:00:00.000,1.18563,1.18585,1.18179,1.18436,103878.03959999999
06.08.2020 15:00:00.000,1.18438,1.18552,1.18383,1.18542,60505.960200000016
06.08.2020 16:00:00.000,1.18545,1.18904,1.18542,1.18799,23291.239999999987
06.08.2020 17:00:00.000,1.18801,1.18935,1.18669,1.18786,13185.330000000002
06.08.2020 18:00:00.000,1.18787,1.18790,1.18671,1.18740,10126.270000000002
06.08.2020 19:00:00.000,1.18740,1.18796,1.18633,1.18746,10173.880000000003
06.08.2020 20:00:00.000,1.18747,1.18799,1.18723,1.18763,2126.3799999999997
06.08.2020 21:00:00.000,1.18763,1.18787,1.18706,1.18761,601.39
06.08.2020 22:00:00.000,1.18762,1.18828,1.18762,1.18812,1538.4500000000003
06.08.2020 23:00:00.000,1.18812,1.18814,1.18728,1.18752,2132.85
07.08.2020 00:00:00.000,1.18753,1.18818,1.18713,1.18740,4581.409999999999
07.08.2020 01:00:00.000,1.18739,1.18744,1.18631,1.18686,13188.930199999999
07.08.2020 02:00:00.000,1.18685,1.18691,1.18320,1.18385,32468.330299999998
07.08.2020 03:00:00.000,1.18385,1.18407,1.18230,1.18261,39979.57959999998
07.08.2020 04:00:00.000,1.18264,1.18376,1.18195,1.18352,6092.870000000002
07.08.2020 05:00:00.000,1.18352,1.18448,1.18300,1.18426,4546.5599999999995
07.08.2020 06:00:00.000,1.18427,1.18477,1.18299,1.18312,22523.919599999987
07.08.2020 07:00:00.000,1.18311,1.18506,1.18311,1.18404,29643.36989999999
07.08.2020 08:00:00.000,1.18403,1.18403,1.18210,1.18326,19607.83
07.08.2020 09:00:00.000,1.18327,1.18361,1.18092,1.18170,21693.120000000006
07.08.2020 10:00:00.000,1.18169,1.18238,1.18124,1.18228,15376.07
07.08.2020 11:00:00.000,1.18226,1.18241,1.18100,1.18177,15466.979999999996
07.08.2020 12:00:00.000,1.18176,1.18455,1.18021,1.18310,73888.5992
07.08.2020 13:00:00.000,1.18309,1.18331,1.17643,1.17726,38869.77999999999
07.08.2020 14:00:00.000,1.17727,1.17906,1.17551,1.17883,34690.81999999999
07.08.2020 15:00:00.000,1.17884,1.17968,1.17736,1.17751,19930.459999999995
07.08.2020 16:00:00.000,1.17751,1.17815,1.17679,1.17690,11779.940000000008
07.08.2020 17:00:00.000,1.17689,1.17820,1.17664,1.17811,8782.479999999998
07.08.2020 18:00:00.000,1.17810,1.17858,1.17782,1.17807,9938.2
07.08.2020 19:00:00.000,1.17806,1.17887,1.17800,1.17886,5282.790000000001
07.08.2020 20:00:00.000,1.17884,1.17887,1.17840,1.17862,2024.3800000000006
07.08.2020 21:00:00.000,1.17862,1.17862,1.17862,1.17862,0
07.08.2020 22:00:00.000,1.17862,1.17862,1.17862,1.17862,0
07.08.2020 23:00:00.000,1.17862,1.17862,1.17862,1.17862,0
08.08.2020 00:00:00.000,1.17862,1.17862,1.17862,1.17862,0
08.08.2020 01:00:00.000,1.17862,1.17862,1.17862,1.17862,0
08.08.2020 02:00:00.000,1.17862,1.17862,1.17862,1.17862,0
08.08.2020 03:00:00.000,1.17862,1.17862,1.17862,1.17862,0
08.08.2020 04:00:00.000,1.17862,1.17862,1.17862,1.17862,0
08.08.2020 05:00:00.000,1.17862,1.17862,1.17862,1.17862,0
08.08.2020 06:00:00.000,1.17862,1.17862,1.17862,1.17862,0
08.08.2020 07:00:00.000,1.17862,1.17862,1.17862,1.17862,0
08.08.2020 08:00:00.000,1.17862,1.17862,1.17862,1.17862,0
08.08.2020 09:00:00.000,1.17862,1.17862,1.17862,1.17862,0
08.08.2020 10:00:00.000,1.17862,1.17862,1.17862,1.17862,0
08.08.2020 11:00:00.000,1.17862,1.17862,1.17862,1.17862,0
08.08.2020 12:00:00.000,1.17862,1.17862,1.17862,1.17862,0
08.08.2020 13:00:00.000,1.17862,1.17862,1.17862,1.17862,0
08.08.2020 14:00:00.000,1.17862,1.17862,1.17862,1.17862,0
08.08.2020 15:00:00.000,1.17862,1.17862,1.17862,1.17862,0
08.08.2020 16:00:00.000,1.17862,1.17862,1.17862,1.17862,0
08.08.2020 17:00:00.000,1.17862,1.17862,1.17862,1.17862,0
08.08.2020 18:00:00.000,1.17862,1.17862,1.17862,1.17862,0
08.08.2020 19:00:00.000,1.17862,1.17862,1.17862,1.17862,0
08.08.2020 20:00:00.000,1.17862,1.17862,1.17862,1.17862,0
08.08.2020 21:00:00.000,1.17862,1.17862,1.17862,1.17862,0
08.08.2020 22:00:00.000,1.17862,1.17862,1.17862,1.17862,0
08.08.2020 23:00:00.000,1.17862,1.17862,1.17862,1.17862,0